{
    "tenure": {
        "mean": 32.37114865824223,
        "std": 24.55948102309446,
        "min": 0.0,
        "max": 72.0
    },
    "MonthlyCharges": {
        "mean": 64.76169246059918,
        "std": 30.090047097678493,
        "min": 18.25,
        "max": 118.75
    }
}